{
  "project_info": {
    "project_number": "415078261196",
    "firebase_url": "https://register-student-61163-default-rtdb.firebaseio.com",
    "project_id": "register-student-61163",
    "storage_bucket": "register-student-61163.appspot.com"
  },
  "client": [
    {
      "client_info": {
        "mobilesdk_app_id": "1:415078261196:android:58d8e3b7d9ed7f37fd7d69",
        "android_client_info": {
          "package_name": "com.example.attendance"
        }
      },
      "oauth_client": [
        {
          "client_id": "415078261196-f1g09e9fa0ngobd80m3g2e7p6std0icq.apps.googleusercontent.com",
          "client_type": 3
        }
      ],
      "api_key": [
        {
          "current_key": "AIzaSyDcLorJIwkRghcFDrE_RwLJjr0RDd4QQ7U"
        }
      ],
      "services": {
        "appinvite_service": {
          "other_platform_oauth_client": [
            {
              "client_id": "415078261196-f1g09e9fa0ngobd80m3g2e7p6std0icq.apps.googleusercontent.com",
              "client_type": 3
            }
          ]
        }
      }
    }
  ],
  "configuration_version": "1"
}